<?xml version = '1.0' encoding = 'UTF-8'?>
<FKIndexAssociation class="oracle.dbtools.crest.model.design.relational.FKIndexAssociation" directorySegmentName="seg_0" id="266EFF9F-5674-BA2C-5DA7-2DA76A8D0B8B" containerWithKeyObject="5E743E27-3D32-6236-780E-8F275C663981" localFKIndex="8A67F077-7EB6-2C71-E98F-FAFAF51254F3" name="CONSUMO_SERVICOS_QUARTOS_FK">
<createdBy>JoPe</createdBy>
<createdTime>2025-08-19 16:31:50 UTC</createdTime>
<ownerDesignName>NEXUS_HOTEIS</ownerDesignName>
<referredTableLongName>NEXUS_SCH.QUARTOS</referredTableLongName>
<deleteRule>NO ACTION</deleteRule>
<referredTableID>3E8586D7-79CA-36A5-446A-2C9224459ECF</referredTableID>
<keyObject>D8819D10-8430-1738-1854-963081C7BC03</keyObject>
<referredKeyID>D8819D10-8430-1738-1854-963081C7BC03</referredKeyID>
<mandatory>true</mandatory>
<refColNames>ID_QRT</refColNames>
<transferable>true</transferable>
<rely>false</rely>
<columnDependencyConstraintGenerateInDDL>true</columnDependencyConstraintGenerateInDDL>
</FKIndexAssociation>