<?xml version = '1.0' encoding = 'UTF-8'?>
<FKIndexAssociation class="oracle.dbtools.crest.model.design.relational.FKIndexAssociation" directorySegmentName="seg_0" id="566770BB-7A8F-ACF3-63E8-EE6B5B32D3A2" containerWithKeyObject="C0726EA7-FBC1-72D3-29D1-B2688470630D" localFKIndex="95F0AF60-F279-F7D0-435F-620C68B12240" name="HOSPEDES_ESTADIA_QUARTOS_FK">
<createdBy>JoPe</createdBy>
<createdTime>2025-08-19 16:05:24 UTC</createdTime>
<ownerDesignName>NEXUS_HOTEIS</ownerDesignName>
<referredTableLongName>NEXUS_SCH.QUARTOS</referredTableLongName>
<deleteRule>NO ACTION</deleteRule>
<referredTableID>3E8586D7-79CA-36A5-446A-2C9224459ECF</referredTableID>
<keyObject>D8819D10-8430-1738-1854-963081C7BC03</keyObject>
<referredKeyID>D8819D10-8430-1738-1854-963081C7BC03</referredKeyID>
<mandatory>true</mandatory>
<refColNames>ID_QRT</refColNames>
<transferable>true</transferable>
<rely>false</rely>
<columnDependencyConstraintGenerateInDDL>true</columnDependencyConstraintGenerateInDDL>
</FKIndexAssociation>