<?xml version = '1.0' encoding = 'UTF-8'?>
<FKIndexAssociation class="oracle.dbtools.crest.model.design.relational.FKIndexAssociation" directorySegmentName="seg_0" id="70683633-57B0-322A-604E-51C79B2A06A3" containerWithKeyObject="3E8586D7-79CA-36A5-446A-2C9224459ECF" localFKIndex="C9964BF4-61AE-028F-935F-4045E09CC575" name="QUARTOS_TIPOS_QUARTO_FK">
<createdBy>JoPe</createdBy>
<createdTime>2025-08-18 23:08:12 UTC</createdTime>
<ownerDesignName>NEXUS_HOTEIS</ownerDesignName>
<referredTableLongName>NEXUS_SCH.TIPOS_QUARTO</referredTableLongName>
<deleteRule>NO ACTION</deleteRule>
<referredTableID>1E4E9BFA-09D8-1086-6526-B0FA74C22A2B</referredTableID>
<keyObject>B2C14E9E-BF18-4E37-08F9-502356FE3F52</keyObject>
<referredKeyID>B2C14E9E-BF18-4E37-08F9-502356FE3F52</referredKeyID>
<mandatory>true</mandatory>
<refColNames>ID_TP_QRT</refColNames>
<transferable>true</transferable>
<rely>false</rely>
<columnDependencyConstraintGenerateInDDL>true</columnDependencyConstraintGenerateInDDL>
</FKIndexAssociation>