<?xml version = '1.0' encoding = 'UTF-8'?>
<FKIndexAssociation class="oracle.dbtools.crest.model.design.relational.FKIndexAssociation" directorySegmentName="seg_0" id="CDAF7F15-97A5-A8EC-9DD6-2BAB5CBE7CC1" containerWithKeyObject="1CA0A5C8-A9E8-5E7B-0051-9948D0CC5F9A" localFKIndex="A5DAF535-9BAA-9066-67BD-E217AB4EBF49" name="TARIFA_PERIODOS_TARIFA_FK">
<createdBy>JoPe</createdBy>
<createdTime>2025-08-19 14:28:30 UTC</createdTime>
<ownerDesignName>NEXUS_HOTEIS</ownerDesignName>
<referredTableLongName>PERIODOS_TARIFA</referredTableLongName>
<deleteRule>NO ACTION</deleteRule>
<referredTableID>A0DD6074-4E78-E31A-9E12-677CD6F9DEBC</referredTableID>
<keyObject>764F68C0-CC0A-546F-E76F-41254E269443</keyObject>
<referredKeyID>764F68C0-CC0A-546F-E76F-41254E269443</referredKeyID>
<mandatory>true</mandatory>
<refColNames>ID_PERIODO</refColNames>
<transferable>true</transferable>
<rely>false</rely>
<columnDependencyConstraintGenerateInDDL>true</columnDependencyConstraintGenerateInDDL>
</FKIndexAssociation>