<?xml version = '1.0' encoding = 'UTF-8'?>
<Table class="oracle.dbtools.crest.model.design.relational.Table" directorySegmentName="seg_0" id="1CA0A5C8-A9E8-5E7B-0051-9948D0CC5F9A" schemaObject="D9D2BAC5-5ACC-E7C4-FE11-352225AD3138" name="TARIFA">
<createdBy>JoPe</createdBy>
<createdTime>2025-08-19 14:16:19 UTC</createdTime>
<ownerDesignName>NEXUS_HOTEIS</ownerDesignName>
<ordsAlias>table_5</ordsAlias>
<allowColumnReorder>false</allowColumnReorder>
<existDependencyGenerateInDDl>true</existDependencyGenerateInDDl>
<parsed>true</parsed>
<columns itemClass="oracle.dbtools.crest.model.design.relational.Column">
<Column name="ID_TARIFA" id="55902D87-A8B8-700C-5444-8E1D6555FF54">
<createdBy>JoPe</createdBy>
<createdTime>2025-08-19 14:16:40 UTC</createdTime>
<ownerDesignName>NEXUS_HOTEIS</ownerDesignName>
<useDomainConstraints>false</useDomainConstraints>
<use>1</use>
<logicalDatatype>LOGDT019</logicalDatatype>
<dataTypePrecision>10</dataTypePrecision>
<ownDataTypeParameters>,10,</ownDataTypeParameters>
<autoIncrementColumn>true</autoIncrementColumn>
<autoIncrementCycle>false</autoIncrementCycle>
<autoIncrementSequenceName>TARIFA_ID_SEQUENCE</autoIncrementSequenceName>
<autoIncrementTriggerName>TARIFA_ID_TRIGGER</autoIncrementTriggerName>
<notNullConstraintName>TARIFA_ID_NOT_NULL</notNullConstraintName>
</Column>
<Column name="ID_TIPO_QUARTO" id="31F23B33-F92C-22B9-4057-80E1320ACDCB">
<createdBy>JoPe</createdBy>
<createdTime>2025-08-19 14:26:30 UTC</createdTime>
<ownerDesignName>NEXUS_HOTEIS</ownerDesignName>
<useDomainConstraints>false</useDomainConstraints>
<use>1</use>
<logicalDatatype>LOGDT019</logicalDatatype>
<dataTypePrecision>10</dataTypePrecision>
<ownDataTypeParameters>,,</ownDataTypeParameters>
<autoIncrementCycle>false</autoIncrementCycle>
<notNullConstraintName>TARIFA_ID_TIPO_QUARTO_NOT_NULL</notNullConstraintName>
<associations>
<colAssociation fkAssociation="69CD88F9-02A7-03A5-EA6A-DE54FCEC4997" referredColumn="A0E0497B-E535-2815-6F4E-33716FBAD9A5"/>
</associations>
</Column>
<Column name="ID_PERIODO_TARIFA" id="4A8EB3ED-1054-C813-4105-3912E8B20DFF">
<createdBy>JoPe</createdBy>
<createdTime>2025-08-19 14:28:30 UTC</createdTime>
<ownerDesignName>NEXUS_HOTEIS</ownerDesignName>
<useDomainConstraints>false</useDomainConstraints>
<use>1</use>
<logicalDatatype>LOGDT019</logicalDatatype>
<dataTypePrecision>10</dataTypePrecision>
<ownDataTypeParameters>,,</ownDataTypeParameters>
<autoIncrementCycle>false</autoIncrementCycle>
<associations>
<colAssociation fkAssociation="CDAF7F15-97A5-A8EC-9DD6-2BAB5CBE7CC1" referredColumn="ED149497-ED6C-37EB-6192-3DBE203797B4"/>
</associations>
</Column>
<Column name="PREC_DIARIA" id="3C071B25-3D8F-9C81-A9F0-1682A2005031">
<createdBy>JoPe</createdBy>
<createdTime>2025-08-19 14:34:40 UTC</createdTime>
<ownerDesignName>NEXUS_HOTEIS</ownerDesignName>
<useDomainConstraints>false</useDomainConstraints>
<use>1</use>
<logicalDatatype>LOGDT026</logicalDatatype>
<dataTypePrecision>10</dataTypePrecision>
<dataTypeScale>2</dataTypeScale>
<ownDataTypeParameters>,10,2</ownDataTypeParameters>
<autoIncrementCycle>false</autoIncrementCycle>
<notNullConstraintName>TARIFA_PRECO_DIARIA_NOT_NULL</notNullConstraintName>
</Column>
<Column name="DIA_SEMANA" id="E7AC3437-F9F5-21BF-5168-858222873621">
<createdBy>JoPe</createdBy>
<createdTime>2025-08-19 14:37:42 UTC</createdTime>
<ownerDesignName>NEXUS_HOTEIS</ownerDesignName>
<useDomainConstraints>false</useDomainConstraints>
<use>1</use>
<logicalDatatype>LOGDT024</logicalDatatype>
<dataTypeSize>15 CHAR</dataTypeSize>
<ownDataTypeParameters>15 CHAR,,</ownDataTypeParameters>
<autoIncrementCycle>false</autoIncrementCycle>
<notNullConstraintName>TARIFA_DIA_SEMANA_NOT_NULL</notNullConstraintName>
</Column>
</columns>
<indexes itemClass="oracle.dbtools.crest.model.design.relational.Index">
<ind_PK_UK id="329261AC-B55E-1045-41A6-093941A6DCC3" name="TARIFA_PK">
<createdBy>JoPe</createdBy>
<createdTime>2025-08-19 14:16:42 UTC</createdTime>
<ownerDesignName>NEXUS_HOTEIS</ownerDesignName>
<pk>true</pk>
<indexState>Primary Constraint</indexState>
<isSurrogateKey>false</isSurrogateKey>
<indexColumnUsage>
<colUsage columnID="55902D87-A8B8-700C-5444-8E1D6555FF54"/>
</indexColumnUsage>
</ind_PK_UK>
<ind_PK_UK id="3A2B88D9-90B3-2E45-3804-8C962E2C3A8B" name="TARIFA_TIPOS_QUARTO_FK">
<createdBy>JoPe</createdBy>
<createdTime>2025-08-19 14:26:30 UTC</createdTime>
<ownerDesignName>NEXUS_HOTEIS</ownerDesignName>
<indexState>Foreign Key</indexState>
<isSurrogateKey>false</isSurrogateKey>
<indexColumnUsage>
<colUsage columnID="31F23B33-F92C-22B9-4057-80E1320ACDCB"/>
</indexColumnUsage>
</ind_PK_UK>
<ind_PK_UK id="A5DAF535-9BAA-9066-67BD-E217AB4EBF49" name="TARIFA_PERIODOS_TARIFA_FK">
<createdBy>JoPe</createdBy>
<createdTime>2025-08-19 14:28:30 UTC</createdTime>
<ownerDesignName>NEXUS_HOTEIS</ownerDesignName>
<indexState>Foreign Key</indexState>
<isSurrogateKey>false</isSurrogateKey>
<indexColumnUsage>
<colUsage columnID="4A8EB3ED-1054-C813-4105-3912E8B20DFF"/>
</indexColumnUsage>
</ind_PK_UK>
</indexes>
</Table>