<?xml version = '1.0' encoding = 'UTF-8'?>
<Table class="oracle.dbtools.crest.model.design.relational.Table" directorySegmentName="seg_0" id="1E4E9BFA-09D8-1086-6526-B0FA74C22A2B" schemaObject="D9D2BAC5-5ACC-E7C4-FE11-352225AD3138" name="TIPOS_QUARTO">
<createdBy>JoPe</createdBy>
<createdTime>2025-08-18 22:30:39 UTC</createdTime>
<ownerDesignName>NEXUS_HOTEIS</ownerDesignName>
<ordsAlias>table_2</ordsAlias>
<abbreviation>TP_QRT</abbreviation>
<allowColumnReorder>false</allowColumnReorder>
<existDependencyGenerateInDDl>true</existDependencyGenerateInDDl>
<parsed>true</parsed>
<columns itemClass="oracle.dbtools.crest.model.design.relational.Column">
<Column name="ID_TP_QRT" id="A0E0497B-E535-2815-6F4E-33716FBAD9A5">
<createdBy>JoPe</createdBy>
<createdTime>2025-08-18 22:33:17 UTC</createdTime>
<ownerDesignName>NEXUS_HOTEIS</ownerDesignName>
<useDomainConstraints>false</useDomainConstraints>
<use>1</use>
<logicalDatatype>LOGDT019</logicalDatatype>
<dataTypePrecision>10</dataTypePrecision>
<ownDataTypeParameters>,10,</ownDataTypeParameters>
<autoIncrementColumn>true</autoIncrementColumn>
<autoIncrementCycle>false</autoIncrementCycle>
<autoIncrementSequenceName>TIPOS_QUARTO_ID_SEQUENCE</autoIncrementSequenceName>
<autoIncrementTriggerName>TIPOS_QUARTO_ID_TRIGGER</autoIncrementTriggerName>
<notNullConstraintName>NNC_TIPOS_QUARTO_id_tipo_quarto</notNullConstraintName>
</Column>
<Column name="NOME_TP_QRT" id="865F99CF-1A55-BDD7-C9D3-79CFE4BAEDB2">
<createdBy>JoPe</createdBy>
<createdTime>2025-08-18 22:34:56 UTC</createdTime>
<ownerDesignName>NEXUS_HOTEIS</ownerDesignName>
<useDomainConstraints>false</useDomainConstraints>
<use>1</use>
<logicalDatatype>LOGDT024</logicalDatatype>
<dataTypeSize>50 CHAR</dataTypeSize>
<ownDataTypeParameters>50 CHAR,,</ownDataTypeParameters>
<autoIncrementCycle>false</autoIncrementCycle>
<notNullConstraintName>TIPO_QUARTO_NOME_NOT_NULL</notNullConstraintName>
</Column>
<Column name="DESC_TP_QRT" id="42EA15A9-1A92-DC61-D2E5-AFF68BFDB36C">
<createdBy>JoPe</createdBy>
<createdTime>2025-08-18 22:47:22 UTC</createdTime>
<ownerDesignName>NEXUS_HOTEIS</ownerDesignName>
<useDomainConstraints>false</useDomainConstraints>
<use>1</use>
<logicalDatatype>LOGDT024</logicalDatatype>
<dataTypeSize>500 CHAR</dataTypeSize>
<ownDataTypeParameters>500 CHAR,,</ownDataTypeParameters>
<autoIncrementCycle>false</autoIncrementCycle>
<notNullConstraintName>TIPO_QUARTO_DESCRICAO_NOT_NULL</notNullConstraintName>
</Column>
<Column name="CAP_MAXIMA_TP_QRT" id="67889635-E178-A02E-D45F-1FBA888DECD2">
<createdBy>JoPe</createdBy>
<createdTime>2025-08-18 22:53:31 UTC</createdTime>
<ownerDesignName>NEXUS_HOTEIS</ownerDesignName>
<useDomainConstraints>false</useDomainConstraints>
<use>1</use>
<logicalDatatype>LOGDT011</logicalDatatype>
<ownDataTypeParameters>,,</ownDataTypeParameters>
<autoIncrementCycle>false</autoIncrementCycle>
<notNullConstraintName>TIPO_QUARTO_CAPACIDADE_MAXIMA_NOT_NULL</notNullConstraintName>
</Column>
<Column name="COMODIDADES_TP_QRT" id="E472AAEC-D25C-F131-4140-94B3D248564F">
<createdBy>JoPe</createdBy>
<createdTime>2025-08-18 22:59:05 UTC</createdTime>
<ownerDesignName>NEXUS_HOTEIS</ownerDesignName>
<useDomainConstraints>false</useDomainConstraints>
<use>1</use>
<logicalDatatype>LOGDT024</logicalDatatype>
<dataTypeSize>100 CHAR</dataTypeSize>
<ownDataTypeParameters>100 CHAR,,</ownDataTypeParameters>
<autoIncrementCycle>false</autoIncrementCycle>
<notNullConstraintName>TIPO_QUARTO_COMODIDADES_NOT_NULL</notNullConstraintName>
</Column>
</columns>
<indexes itemClass="oracle.dbtools.crest.model.design.relational.Index">
<ind_PK_UK id="B2C14E9E-BF18-4E37-08F9-502356FE3F52" name="TIPOS_QUARTO_PK">
<createdBy>JoPe</createdBy>
<createdTime>2025-08-18 22:33:23 UTC</createdTime>
<ownerDesignName>NEXUS_HOTEIS</ownerDesignName>
<pk>true</pk>
<indexState>Primary Constraint</indexState>
<isSurrogateKey>false</isSurrogateKey>
<indexColumnUsage>
<colUsage columnID="A0E0497B-E535-2815-6F4E-33716FBAD9A5"/>
</indexColumnUsage>
</ind_PK_UK>
<ind_PK_UK id="F2E4F34C-B952-5506-A5EF-B822FE455719" name="TIPOS_QUARTO_NOME_UNIQUE">
<createdBy>JoPe</createdBy>
<createdTime>2025-08-18 23:02:22 UTC</createdTime>
<ownerDesignName>NEXUS_HOTEIS</ownerDesignName>
<indexState>Unique Constraint</indexState>
<isSurrogateKey>false</isSurrogateKey>
<indexColumnUsage>
<colUsage columnID="865F99CF-1A55-BDD7-C9D3-79CFE4BAEDB2"/>
</indexColumnUsage>
</ind_PK_UK>
</indexes>
</Table>