<?xml version = '1.0' encoding = 'UTF-8'?>
<Table class="oracle.dbtools.crest.model.design.relational.Table" directorySegmentName="seg_0" id="3E8586D7-79CA-36A5-446A-2C9224459ECF" schemaObject="D9D2BAC5-5ACC-E7C4-FE11-352225AD3138" name="QUARTOS">
<createdBy>JoPe</createdBy>
<createdTime>2025-08-18 23:04:17 UTC</createdTime>
<ownerDesignName>NEXUS_HOTEIS</ownerDesignName>
<ordsAlias>table_4</ordsAlias>
<abbreviation>QRT</abbreviation>
<allowColumnReorder>false</allowColumnReorder>
<existDependencyGenerateInDDl>true</existDependencyGenerateInDDl>
<parsed>true</parsed>
<columns itemClass="oracle.dbtools.crest.model.design.relational.Column">
<Column name="ID_QRT" id="43B158DD-C81D-A9BA-B24D-DA419CC77D1D">
<createdBy>JoPe</createdBy>
<createdTime>2025-08-18 23:05:15 UTC</createdTime>
<ownerDesignName>NEXUS_HOTEIS</ownerDesignName>
<useDomainConstraints>false</useDomainConstraints>
<use>1</use>
<logicalDatatype>LOGDT019</logicalDatatype>
<dataTypePrecision>10</dataTypePrecision>
<ownDataTypeParameters>,10,</ownDataTypeParameters>
<autoIncrementColumn>true</autoIncrementColumn>
<autoIncrementCycle>false</autoIncrementCycle>
<autoIncrementSequenceName>QUARTO_ID_SEQUENCE</autoIncrementSequenceName>
<autoIncrementTriggerName>QUARTO_ID_TRIGGER</autoIncrementTriggerName>
</Column>
<Column name="NUM_QRT" id="FE1DF9BF-6D7F-3E76-A55B-9C682F836EB6">
<createdBy>JoPe</createdBy>
<createdTime>2025-08-18 23:06:22 UTC</createdTime>
<ownerDesignName>NEXUS_HOTEIS</ownerDesignName>
<useDomainConstraints>false</useDomainConstraints>
<use>1</use>
<logicalDatatype>LOGDT024</logicalDatatype>
<dataTypeSize>10 CHAR</dataTypeSize>
<ownDataTypeParameters>10 CHAR,,</ownDataTypeParameters>
<autoIncrementCycle>false</autoIncrementCycle>
<notNullConstraintName>QUARTO_NUMERO_NOT_NULL</notNullConstraintName>
</Column>
<Column name="ID_TP_QRT" id="F3D4BA99-C468-E960-A342-61180EBBDBCE">
<createdBy>JoPe</createdBy>
<createdTime>2025-08-18 23:07:23 UTC</createdTime>
<ownerDesignName>NEXUS_HOTEIS</ownerDesignName>
<useDomainConstraints>false</useDomainConstraints>
<use>1</use>
<logicalDatatype>LOGDT019</logicalDatatype>
<dataTypePrecision>10</dataTypePrecision>
<dataTypeSize>16 BYTE</dataTypeSize>
<ownDataTypeParameters>16 BYTE,,</ownDataTypeParameters>
<autoIncrementCycle>false</autoIncrementCycle>
<associations>
<colAssociation fkAssociation="70683633-57B0-322A-604E-51C79B2A06A3" referredColumn="A0E0497B-E535-2815-6F4E-33716FBAD9A5"/>
</associations>
</Column>
<Column name="AND_QRT" id="D49C4F2B-EC66-BD34-9535-168FCA5AF76A">
<createdBy>JoPe</createdBy>
<createdTime>2025-08-18 23:08:59 UTC</createdTime>
<ownerDesignName>NEXUS_HOTEIS</ownerDesignName>
<useDomainConstraints>false</useDomainConstraints>
<use>1</use>
<logicalDatatype>LOGDT011</logicalDatatype>
<ownDataTypeParameters>,,</ownDataTypeParameters>
<autoIncrementCycle>false</autoIncrementCycle>
<notNullConstraintName>QUARTO_ANDAR_NOT_NULL</notNullConstraintName>
</Column>
<Column name="STS_QRT" id="8E2348EA-D79D-6C0E-5D1A-B7DC05D01DAA">
<createdBy>JoPe</createdBy>
<createdTime>2025-08-18 23:10:27 UTC</createdTime>
<ownerDesignName>NEXUS_HOTEIS</ownerDesignName>
<useDomainConstraints>false</useDomainConstraints>
<use>1</use>
<logicalDatatype>LOGDT024</logicalDatatype>
<dataTypeSize>25 CHAR</dataTypeSize>
<ownDataTypeParameters>25 CHAR,,</ownDataTypeParameters>
<autoIncrementCycle>false</autoIncrementCycle>
<notNullConstraintName>QUARTO_STATUS_NOT_NULL</notNullConstraintName>
</Column>
<Column name="OBS_QRT" id="409660B6-A1EF-4904-CB06-0DFF7DB9AC21">
<createdBy>JoPe</createdBy>
<createdTime>2025-08-18 23:12:42 UTC</createdTime>
<ownerDesignName>NEXUS_HOTEIS</ownerDesignName>
<nullsAllowed>true</nullsAllowed>
<useDomainConstraints>false</useDomainConstraints>
<use>1</use>
<logicalDatatype>LOGDT024</logicalDatatype>
<dataTypeSize>255 CHAR</dataTypeSize>
<ownDataTypeParameters>255 CHAR,,</ownDataTypeParameters>
<autoIncrementCycle>false</autoIncrementCycle>
</Column>
</columns>
<indexes itemClass="oracle.dbtools.crest.model.design.relational.Index">
<ind_PK_UK id="D8819D10-8430-1738-1854-963081C7BC03" name="QUARTOS_PK">
<createdBy>JoPe</createdBy>
<createdTime>2025-08-18 23:05:15 UTC</createdTime>
<ownerDesignName>NEXUS_HOTEIS</ownerDesignName>
<pk>true</pk>
<indexState>Primary Constraint</indexState>
<isSurrogateKey>false</isSurrogateKey>
<indexColumnUsage>
<colUsage columnID="43B158DD-C81D-A9BA-B24D-DA419CC77D1D"/>
</indexColumnUsage>
</ind_PK_UK>
<ind_PK_UK id="A79E2974-76C8-066E-D0BF-067E908A3EC8" name="QUARTOS_NUMERO_UNIQUE">
<createdBy>JoPe</createdBy>
<createdTime>2025-08-18 23:06:22 UTC</createdTime>
<ownerDesignName>NEXUS_HOTEIS</ownerDesignName>
<indexState>Unique Constraint</indexState>
<isSurrogateKey>false</isSurrogateKey>
<indexColumnUsage>
<colUsage columnID="FE1DF9BF-6D7F-3E76-A55B-9C682F836EB6"/>
</indexColumnUsage>
</ind_PK_UK>
<ind_PK_UK id="C9964BF4-61AE-028F-935F-4045E09CC575" name="QUARTOS_TIPOS_QUARTO_FK">
<createdBy>JoPe</createdBy>
<createdTime>2025-08-18 23:08:12 UTC</createdTime>
<ownerDesignName>NEXUS_HOTEIS</ownerDesignName>
<indexState>Foreign Key</indexState>
<isSurrogateKey>false</isSurrogateKey>
<indexColumnUsage>
<colUsage columnID="F3D4BA99-C468-E960-A342-61180EBBDBCE"/>
</indexColumnUsage>
</ind_PK_UK>
</indexes>
<tableCheckConstraints itemClass="oracle.dbtools.crest.model.design.constraint.TableLevelConstraint">
<tableCheckConstraint name="QUARTOS_STATUS_CK" directorySegmentName="seg_0" id="932FFD96-BD99-877C-25E6-1DE83725FC57">
<createdBy>JoPe</createdBy>
<createdTime>2025-08-18 23:12:08 UTC</createdTime>
<ownerDesignName>NEXUS_HOTEIS</ownerDesignName>
<rule><![CDATA[STS_QRT IN ('DISPONIVEL', 'OCUPADO', 'LIMPEZA_PENDENTE', 'EM_MANUTENCAO','BLOQUEADO')]]></rule>
</tableCheckConstraint>
</tableCheckConstraints>
</Table>