<?xml version = '1.0' encoding = 'UTF-8'?>
<Table class="oracle.dbtools.crest.model.design.relational.Table" directorySegmentName="seg_0" id="7AC9ADBD-10F6-1668-249A-DE653B81CE6D" schemaObject="0215586B-4CDB-A65F-16CF-A9C3C7850896" name="PERMISSOES">
<createdBy>JoPe</createdBy>
<createdTime>2025-08-19 19:04:49 UTC</createdTime>
<ownerDesignName>NEXUS_HOTEIS</ownerDesignName>
<ordsAlias>table_14</ordsAlias>
<abbreviation>PERM</abbreviation>
<allowColumnReorder>false</allowColumnReorder>
<existDependencyGenerateInDDl>true</existDependencyGenerateInDDl>
<parsed>true</parsed>
<columns itemClass="oracle.dbtools.crest.model.design.relational.Column">
<Column name="ID_PEMISSAO" id="B61F03C9-30C0-0F5A-90B0-9CDB5BF78479">
<createdBy>JoPe</createdBy>
<createdTime>2025-08-19 19:05:27 UTC</createdTime>
<ownerDesignName>NEXUS_HOTEIS</ownerDesignName>
<useDomainConstraints>false</useDomainConstraints>
<use>1</use>
<logicalDatatype>LOGDT019</logicalDatatype>
<dataTypePrecision>10</dataTypePrecision>
<ownDataTypeParameters>,10,</ownDataTypeParameters>
<autoIncrementColumn>true</autoIncrementColumn>
<autoIncrementCycle>false</autoIncrementCycle>
<autoIncrementSequenceName>PERMISSOES_ID_SEQUENCE</autoIncrementSequenceName>
<autoIncrementTriggerName>PERMISSOES_ID_TRIGGER</autoIncrementTriggerName>
<notNullConstraintName>PERMISSAO_ID_NOT_NULL</notNullConstraintName>
</Column>
<Column name="NOME_PERMISSAO" id="D0B56A87-B87C-3689-13BE-7BC4101F7DCC">
<createdBy>JoPe</createdBy>
<createdTime>2025-08-19 19:05:59 UTC</createdTime>
<ownerDesignName>NEXUS_HOTEIS</ownerDesignName>
<useDomainConstraints>false</useDomainConstraints>
<use>1</use>
<logicalDatatype>LOGDT024</logicalDatatype>
<dataTypeSize>50 CHAR</dataTypeSize>
<ownDataTypeParameters>50 CHAR,,</ownDataTypeParameters>
<autoIncrementCycle>false</autoIncrementCycle>
<notNullConstraintName>PERMISSAO_NOME_NOT_NULL</notNullConstraintName>
</Column>
</columns>
<indexes itemClass="oracle.dbtools.crest.model.design.relational.Index">
<ind_PK_UK id="7682306C-7436-D54E-5D90-F9A299C3ADF7" name="PERMISSOES_PK">
<createdBy>JoPe</createdBy>
<createdTime>2025-08-19 19:05:27 UTC</createdTime>
<ownerDesignName>NEXUS_HOTEIS</ownerDesignName>
<pk>true</pk>
<indexState>Primary Constraint</indexState>
<isSurrogateKey>false</isSurrogateKey>
<indexColumnUsage>
<colUsage columnID="B61F03C9-30C0-0F5A-90B0-9CDB5BF78479"/>
</indexColumnUsage>
</ind_PK_UK>
</indexes>
</Table>