<?xml version = '1.0' encoding = 'UTF-8'?>
<Table class="oracle.dbtools.crest.model.design.relational.Table" directorySegmentName="seg_0" id="A0DD6074-4E78-E31A-9E12-677CD6F9DEBC" schemaObject="D9D2BAC5-5ACC-E7C4-FE11-352225AD3138" name="PERIODOS_TARIFA">
<createdBy>JoPe</createdBy>
<createdTime>2025-08-19 14:06:33 UTC</createdTime>
<ownerDesignName>NEXUS_HOTEIS</ownerDesignName>
<ordsAlias>table_4</ordsAlias>
<abbreviation>PER_TARIF</abbreviation>
<allowColumnReorder>false</allowColumnReorder>
<existDependencyGenerateInDDl>true</existDependencyGenerateInDDl>
<parsed>true</parsed>
<columns itemClass="oracle.dbtools.crest.model.design.relational.Column">
<Column name="ID_PERIODO" id="ED149497-ED6C-37EB-6192-3DBE203797B4">
<createdBy>JoPe</createdBy>
<createdTime>2025-08-19 14:08:03 UTC</createdTime>
<ownerDesignName>NEXUS_HOTEIS</ownerDesignName>
<useDomainConstraints>false</useDomainConstraints>
<use>1</use>
<logicalDatatype>LOGDT019</logicalDatatype>
<dataTypePrecision>10</dataTypePrecision>
<ownDataTypeParameters>,10,</ownDataTypeParameters>
<autoIncrementColumn>true</autoIncrementColumn>
<autoIncrementCycle>false</autoIncrementCycle>
<autoIncrementSequenceName>PERIODO_TARIFA_ID_SEQUENCE</autoIncrementSequenceName>
<autoIncrementTriggerName>PERIODO_TARIFA_ID_TRIGGER</autoIncrementTriggerName>
<notNullConstraintName>PERIODO_TARIFA_ID_NOT_NULL</notNullConstraintName>
</Column>
<Column name="NOME_PERIODO" id="78EA6048-36BC-CF55-BB2E-CA3B03D99596">
<createdBy>JoPe</createdBy>
<createdTime>2025-08-19 14:09:09 UTC</createdTime>
<ownerDesignName>NEXUS_HOTEIS</ownerDesignName>
<useDomainConstraints>false</useDomainConstraints>
<use>1</use>
<logicalDatatype>LOGDT024</logicalDatatype>
<dataTypeSize>50 CHAR</dataTypeSize>
<ownDataTypeParameters>50 CHAR,,</ownDataTypeParameters>
<autoIncrementCycle>false</autoIncrementCycle>
<notNullConstraintName>TARIFA_PERIODO_NOME_NOT_NULL</notNullConstraintName>
</Column>
<Column name="DAT_INICIO" id="4290ACFC-4C6C-3804-221B-0330E1BA909D">
<createdBy>JoPe</createdBy>
<createdTime>2025-08-19 14:09:35 UTC</createdTime>
<ownerDesignName>NEXUS_HOTEIS</ownerDesignName>
<useDomainConstraints>false</useDomainConstraints>
<use>1</use>
<logicalDatatype>LOGDT007</logicalDatatype>
<ownDataTypeParameters>,,</ownDataTypeParameters>
<autoIncrementCycle>false</autoIncrementCycle>
<notNullConstraintName>PERIODO_TARIFA_DATA_INICIO_NOT_NULL</notNullConstraintName>
</Column>
<Column name="DAT_FIM" id="54479808-4CA8-01C3-4A45-BC00A6701E07">
<createdBy>JoPe</createdBy>
<createdTime>2025-08-19 14:09:35 UTC</createdTime>
<ownerDesignName>NEXUS_HOTEIS</ownerDesignName>
<useDomainConstraints>false</useDomainConstraints>
<use>1</use>
<logicalDatatype>LOGDT007</logicalDatatype>
<ownDataTypeParameters>,,</ownDataTypeParameters>
<autoIncrementCycle>false</autoIncrementCycle>
<notNullConstraintName>PERIODO_TARIFA_DATA_FIM_NOT_NULL</notNullConstraintName>
</Column>
</columns>
<indexes itemClass="oracle.dbtools.crest.model.design.relational.Index">
<ind_PK_UK id="764F68C0-CC0A-546F-E76F-41254E269443" name="PERIODOS_TARIFA_PK">
<createdBy>JoPe</createdBy>
<createdTime>2025-08-19 14:10:19 UTC</createdTime>
<ownerDesignName>NEXUS_HOTEIS</ownerDesignName>
<pk>true</pk>
<indexState>Primary Constraint</indexState>
<isSurrogateKey>false</isSurrogateKey>
<indexColumnUsage>
<colUsage columnID="ED149497-ED6C-37EB-6192-3DBE203797B4"/>
</indexColumnUsage>
</ind_PK_UK>
</indexes>
</Table>