<?xml version = '1.0' encoding = 'UTF-8'?>
<Table class="oracle.dbtools.crest.model.design.relational.Table" directorySegmentName="seg_0" id="AD7F5E4D-CA76-F9E2-9B08-3EF84428F392" schemaObject="0215586B-4CDB-A65F-16CF-A9C3C7850896" name="CARGOS">
<createdBy>JoPe</createdBy>
<createdTime>2025-08-19 19:08:24 UTC</createdTime>
<ownerDesignName>NEXUS_HOTEIS</ownerDesignName>
<ordsAlias>table_15</ordsAlias>
<abbreviation>CARG</abbreviation>
<allowColumnReorder>false</allowColumnReorder>
<existDependencyGenerateInDDl>true</existDependencyGenerateInDDl>
<parsed>true</parsed>
<columns itemClass="oracle.dbtools.crest.model.design.relational.Column">
<Column name="ID_CARGO" id="D7927598-BBA9-6974-9916-812793695D1B">
<createdBy>JoPe</createdBy>
<createdTime>2025-08-19 19:08:58 UTC</createdTime>
<ownerDesignName>NEXUS_HOTEIS</ownerDesignName>
<useDomainConstraints>false</useDomainConstraints>
<use>1</use>
<logicalDatatype>LOGDT019</logicalDatatype>
<dataTypePrecision>10</dataTypePrecision>
<ownDataTypeParameters>,10,</ownDataTypeParameters>
<autoIncrementColumn>true</autoIncrementColumn>
<autoIncrementCycle>false</autoIncrementCycle>
<autoIncrementSequenceName>CARGOS_ID_SEQUENCE</autoIncrementSequenceName>
<autoIncrementTriggerName>CARGOS_ID_TRIGGER</autoIncrementTriggerName>
<notNullConstraintName>CARGO_ID_NOT_NULL</notNullConstraintName>
</Column>
<Column name="NOM_CARGO" id="630A8B37-23D3-29C8-5D0B-72D71A76AF99">
<createdBy>JoPe</createdBy>
<createdTime>2025-08-19 19:09:13 UTC</createdTime>
<ownerDesignName>NEXUS_HOTEIS</ownerDesignName>
<useDomainConstraints>false</useDomainConstraints>
<use>1</use>
<logicalDatatype>LOGDT024</logicalDatatype>
<dataTypeSize>50 CHAR</dataTypeSize>
<ownDataTypeParameters>50 CHAR,,</ownDataTypeParameters>
<autoIncrementCycle>false</autoIncrementCycle>
<notNullConstraintName>CARGO_NOME_NOT_NULL</notNullConstraintName>
</Column>
</columns>
<indexes itemClass="oracle.dbtools.crest.model.design.relational.Index">
<ind_PK_UK id="8B63F6EE-F615-97D1-F573-4F3B92537D6B" name="CARGOS_PK">
<createdBy>JoPe</createdBy>
<createdTime>2025-08-19 19:08:58 UTC</createdTime>
<ownerDesignName>NEXUS_HOTEIS</ownerDesignName>
<pk>true</pk>
<indexState>Primary Constraint</indexState>
<isSurrogateKey>false</isSurrogateKey>
<indexColumnUsage>
<colUsage columnID="D7927598-BBA9-6974-9916-812793695D1B"/>
</indexColumnUsage>
</ind_PK_UK>
<ind_PK_UK id="CE3DABBD-2C83-E0F1-9F8F-513A9A38FE9C" name="CARGOS_NOME_UN">
<createdBy>JoPe</createdBy>
<createdTime>2025-08-19 19:09:21 UTC</createdTime>
<ownerDesignName>NEXUS_HOTEIS</ownerDesignName>
<indexState>Unique Constraint</indexState>
<isSurrogateKey>false</isSurrogateKey>
<indexColumnUsage>
<colUsage columnID="630A8B37-23D3-29C8-5D0B-72D71A76AF99"/>
</indexColumnUsage>
</ind_PK_UK>
</indexes>
</Table>