<?xml version = '1.0' encoding = 'UTF-8'?>
<Table class="oracle.dbtools.crest.model.design.relational.Table" directorySegmentName="seg_0" id="BF3E6235-3274-B09F-1040-8009AD71D670" schemaObject="D9D2BAC5-5ACC-E7C4-FE11-352225AD3138" name="ESTADIA">
<createdBy>JoPe</createdBy>
<createdTime>2025-08-19 15:12:13 UTC</createdTime>
<ownerDesignName>NEXUS_HOTEIS</ownerDesignName>
<ordsAlias>table_10</ordsAlias>
<abbreviation>EST</abbreviation>
<allowColumnReorder>false</allowColumnReorder>
<existDependencyGenerateInDDl>true</existDependencyGenerateInDDl>
<parsed>true</parsed>
<columns itemClass="oracle.dbtools.crest.model.design.relational.Column">
<Column name="ID_ESTADIA" id="11784E54-6D77-A7A9-1B3C-4A8D63BB1A78">
<createdBy>JoPe</createdBy>
<createdTime>2025-08-19 15:12:35 UTC</createdTime>
<ownerDesignName>NEXUS_HOTEIS</ownerDesignName>
<useDomainConstraints>false</useDomainConstraints>
<use>1</use>
<logicalDatatype>LOGDT019</logicalDatatype>
<dataTypePrecision>10</dataTypePrecision>
<ownDataTypeParameters>,10,</ownDataTypeParameters>
<autoIncrementColumn>true</autoIncrementColumn>
<autoIncrementCycle>false</autoIncrementCycle>
<autoIncrementSequenceName>ESTADIA_ID_SEQUENCE</autoIncrementSequenceName>
<autoIncrementTriggerName>ESTADIA_ID_TRIGGER</autoIncrementTriggerName>
<notNullConstraintName>ESTADIA_ID_NOT_NULL</notNullConstraintName>
</Column>
<Column name="ID_RESERVA" id="0B579450-338A-1D1D-2698-DC40D7BF5BDA">
<createdBy>JoPe</createdBy>
<createdTime>2025-08-19 15:13:38 UTC</createdTime>
<ownerDesignName>NEXUS_HOTEIS</ownerDesignName>
<nullsAllowed>true</nullsAllowed>
<useDomainConstraints>false</useDomainConstraints>
<use>1</use>
<logicalDatatype>LOGDT019</logicalDatatype>
<dataTypePrecision>10</dataTypePrecision>
<ownDataTypeParameters>,,</ownDataTypeParameters>
<autoIncrementCycle>false</autoIncrementCycle>
<notNullConstraintName>ESTADIA_ID_RESERVA_NOT_NULL</notNullConstraintName>
<associations>
<colAssociation fkAssociation="6549CF36-3E74-2073-4B08-F0E03F05F702" referredColumn="37F5E90C-15D0-73D1-6262-58A1CE3BD6A8"/>
</associations>
</Column>
<Column name="DAT_CHECKIN_REAL" id="D4A98675-B65B-A3F1-E943-C0298645D14A">
<createdBy>JoPe</createdBy>
<createdTime>2025-08-19 15:14:01 UTC</createdTime>
<ownerDesignName>NEXUS_HOTEIS</ownerDesignName>
<useDomainConstraints>false</useDomainConstraints>
<use>1</use>
<logicalDatatype>LOGDT008</logicalDatatype>
<ownDataTypeParameters>,,</ownDataTypeParameters>
<autoIncrementCycle>false</autoIncrementCycle>
<notNullConstraintName>ESTADIA_DATA_CHECKIN_REAL_NOT_NULL</notNullConstraintName>
</Column>
<Column name="DAT_CHECKOUT_REAL" id="D7B549C6-3C4C-CB94-3AE1-90EE5C8560E3">
<createdBy>JoPe</createdBy>
<createdTime>2025-08-19 15:14:31 UTC</createdTime>
<ownerDesignName>NEXUS_HOTEIS</ownerDesignName>
<useDomainConstraints>false</useDomainConstraints>
<use>1</use>
<logicalDatatype>LOGDT008</logicalDatatype>
<ownDataTypeParameters>,,</ownDataTypeParameters>
<autoIncrementCycle>false</autoIncrementCycle>
<notNullConstraintName>ESTADIA_DATA_CHECKOUT_REAL_NOT_NULL</notNullConstraintName>
</Column>
<Column name="STS_ESTADIA" id="0D8B1A96-B026-A298-7A3E-74F9C965EA71">
<createdBy>JoPe</createdBy>
<createdTime>2025-08-19 15:15:03 UTC</createdTime>
<ownerDesignName>NEXUS_HOTEIS</ownerDesignName>
<useDomainConstraints>false</useDomainConstraints>
<use>1</use>
<logicalDatatype>LOGDT024</logicalDatatype>
<dataTypeSize>20 CHAR</dataTypeSize>
<ownDataTypeParameters>20 CHAR,,</ownDataTypeParameters>
<autoIncrementCycle>false</autoIncrementCycle>
<notNullConstraintName>ESTADIA_STATUS_NOT_NULL</notNullConstraintName>
</Column>
</columns>
<indexes itemClass="oracle.dbtools.crest.model.design.relational.Index">
<ind_PK_UK id="DFED9A50-58CF-9676-A66A-8375C5C26B1E" name="ESTADIA_PK">
<createdBy>JoPe</createdBy>
<createdTime>2025-08-19 15:12:35 UTC</createdTime>
<ownerDesignName>NEXUS_HOTEIS</ownerDesignName>
<pk>true</pk>
<indexState>Primary Constraint</indexState>
<isSurrogateKey>false</isSurrogateKey>
<indexColumnUsage>
<colUsage columnID="11784E54-6D77-A7A9-1B3C-4A8D63BB1A78"/>
</indexColumnUsage>
</ind_PK_UK>
<ind_PK_UK id="2539D0CA-0D42-E7AA-70F0-929ACB5A34E9" name="ESTADIA_RESERVAS_FK">
<createdBy>JoPe</createdBy>
<createdTime>2025-08-19 15:13:38 UTC</createdTime>
<ownerDesignName>NEXUS_HOTEIS</ownerDesignName>
<indexState>Foreign Key</indexState>
<isSurrogateKey>false</isSurrogateKey>
<indexColumnUsage>
<colUsage columnID="0B579450-338A-1D1D-2698-DC40D7BF5BDA"/>
</indexColumnUsage>
</ind_PK_UK>
</indexes>
<tableCheckConstraints itemClass="oracle.dbtools.crest.model.design.constraint.TableLevelConstraint">
<tableCheckConstraint name="ESTADIA_STATUS_CK" directorySegmentName="seg_0" id="8A4F894A-EFA6-B3A0-C303-6537D8C9932C">
<createdBy>JoPe</createdBy>
<createdTime>2025-08-19 15:16:16 UTC</createdTime>
<ownerDesignName>NEXUS_HOTEIS</ownerDesignName>
<rule><![CDATA[STS_ESTADIA IN ('HOSPEDADO', 'FINALIZADA')]]></rule>
</tableCheckConstraint>
</tableCheckConstraints>
</Table>