<?xml version = '1.0' encoding = 'UTF-8'?>
<Table class="oracle.dbtools.crest.model.design.relational.Table" directorySegmentName="seg_0" id="FBE08728-0CD0-5354-2051-5CAECE21D2CA" schemaObject="D9D2BAC5-5ACC-E7C4-FE11-352225AD3138" name="QUARTOS_RESERVADOS">
<createdBy>JoPe</createdBy>
<createdTime>2025-08-19 15:06:32 UTC</createdTime>
<ownerDesignName>NEXUS_HOTEIS</ownerDesignName>
<ordsAlias>table_8</ordsAlias>
<abbreviation>QRT_RES</abbreviation>
<allowColumnReorder>false</allowColumnReorder>
<existDependencyGenerateInDDl>true</existDependencyGenerateInDDl>
<parsed>true</parsed>
<columns itemClass="oracle.dbtools.crest.model.design.relational.Column">
<Column name="ID_RESERVA" id="BCD80CAE-2F97-F79E-A6D6-B89DB0F98D5A">
<createdBy>JoPe</createdBy>
<createdTime>2025-08-19 15:08:21 UTC</createdTime>
<ownerDesignName>NEXUS_HOTEIS</ownerDesignName>
<useDomainConstraints>false</useDomainConstraints>
<use>1</use>
<logicalDatatype>LOGDT019</logicalDatatype>
<dataTypePrecision>10</dataTypePrecision>
<ownDataTypeParameters>,,</ownDataTypeParameters>
<autoIncrementCycle>false</autoIncrementCycle>
<notNullConstraintName>RESERVA_QUARTO_ID_RESERVA_NOT_NULL</notNullConstraintName>
<associations>
<colAssociation fkAssociation="8C5D139C-C1D1-030D-7259-65FBB5649685" referredColumn="37F5E90C-15D0-73D1-6262-58A1CE3BD6A8"/>
</associations>
</Column>
<Column name="ID_QUARTO" id="548F7869-37B8-3EC0-4EC2-9578AA35F35C">
<createdBy>JoPe</createdBy>
<createdTime>2025-08-19 15:08:21 UTC</createdTime>
<ownerDesignName>NEXUS_HOTEIS</ownerDesignName>
<useDomainConstraints>false</useDomainConstraints>
<use>1</use>
<logicalDatatype>LOGDT019</logicalDatatype>
<dataTypePrecision>10</dataTypePrecision>
<ownDataTypeParameters>,,</ownDataTypeParameters>
<autoIncrementCycle>false</autoIncrementCycle>
<notNullConstraintName>RESERVA_QUARTO_ID_QUARTO_NOT_NULL</notNullConstraintName>
<associations>
<colAssociation fkAssociation="1CE38943-B6E2-2689-2EFC-DD689F620F35" referredColumn="43B158DD-C81D-A9BA-B24D-DA419CC77D1D"/>
</associations>
</Column>
</columns>
<indexes itemClass="oracle.dbtools.crest.model.design.relational.Index">
<ind_PK_UK id="72C69A6C-81C7-DFBD-0986-6659CC414443" name="RESERVA_QUARTOS_PK">
<createdBy>JoPe</createdBy>
<createdTime>2025-08-19 15:08:21 UTC</createdTime>
<ownerDesignName>NEXUS_HOTEIS</ownerDesignName>
<pk>true</pk>
<indexState>Primary Constraint</indexState>
<isSurrogateKey>false</isSurrogateKey>
<indexColumnUsage>
<colUsage columnID="BCD80CAE-2F97-F79E-A6D6-B89DB0F98D5A"/>
<colUsage columnID="548F7869-37B8-3EC0-4EC2-9578AA35F35C"/>
</indexColumnUsage>
</ind_PK_UK>
<ind_PK_UK id="9758EF72-54AD-3435-92EC-01A73AFC76D9" name="QUARTOS_RESERVADOS_ID_RESERVA_FK">
<createdBy>JoPe</createdBy>
<createdTime>2025-08-19 15:08:46 UTC</createdTime>
<ownerDesignName>NEXUS_HOTEIS</ownerDesignName>
<indexState>Foreign Key</indexState>
<isSurrogateKey>false</isSurrogateKey>
<indexColumnUsage>
<colUsage columnID="BCD80CAE-2F97-F79E-A6D6-B89DB0F98D5A"/>
</indexColumnUsage>
</ind_PK_UK>
<ind_PK_UK id="899957B3-12F1-9C72-60A2-96B1D0747FB9" name="QUARTOS_RESERVADOS_ID_QUARTOS_FK">
<createdBy>JoPe</createdBy>
<createdTime>2025-08-19 15:09:06 UTC</createdTime>
<ownerDesignName>NEXUS_HOTEIS</ownerDesignName>
<indexState>Foreign Key</indexState>
<isSurrogateKey>false</isSurrogateKey>
<indexColumnUsage>
<colUsage columnID="548F7869-37B8-3EC0-4EC2-9578AA35F35C"/>
</indexColumnUsage>
</ind_PK_UK>
</indexes>
</Table>