<?xml version = '1.0' encoding = 'UTF-8'?>
<UserOraclev10g class="oracle.dbtools.crest.model.design.storage.oracle.v10g.UserOraclev10g" name="SCH_NEXUS_IDENTITY" directorySegmentName="seg_0" id="621FB15E-2FE0-7A92-31CC-89D1039A2193">
<createdBy>JoPe</createdBy>
<createdTime>2025-08-20 03:06:37 UTC</createdTime>
<ownerDesignName>NEXUS_HOTEIS</ownerDesignName>
<identifier>15FCB6D6210034091E57B98F0A28A39613CA2ED25C9BD2C5DC1557FA54E4247C63708802D8EBB6012B7C10BC5DC429903A</identifier>
<privileges>DBA</privileges>
<permissions>
<Permission class="oracle.dbtools.crest.model.design.storage.oracle.v10g.PermissionsOraclev10g" name="Permissions27" id="80517C36-41AD-38D9-F571-200BBD2575F9">
<createdBy>JoPe</createdBy>
<createdTime>2025-08-20 03:11:43 UTC</createdTime>
<ownerDesignName>NEXUS_HOTEIS</ownerDesignName>
<privilegesWithGrantOption>ALL PRIVILEGES</privilegesWithGrantOption>
<table>642BA3C7-453B-FFEA-5737-2EB34BBA5FD4</table>
</Permission>
<Permission class="oracle.dbtools.crest.model.design.storage.oracle.v10g.PermissionsOraclev10g" name="Permissions28" id="E9358F34-F606-2BEE-645F-0F5EFF5DC08D">
<createdBy>JoPe</createdBy>
<createdTime>2025-08-20 03:11:43 UTC</createdTime>
<ownerDesignName>NEXUS_HOTEIS</ownerDesignName>
<privilegesWithGrantOption>ALL PRIVILEGES</privilegesWithGrantOption>
<table>AD7F5E4D-CA76-F9E2-9B08-3EF84428F392</table>
</Permission>
<Permission class="oracle.dbtools.crest.model.design.storage.oracle.v10g.PermissionsOraclev10g" name="Permissions29" id="627E53AB-9EE9-2031-7E18-DD989F23C47E">
<createdBy>JoPe</createdBy>
<createdTime>2025-08-20 03:11:43 UTC</createdTime>
<ownerDesignName>NEXUS_HOTEIS</ownerDesignName>
<privilegesWithGrantOption>ALL PRIVILEGES</privilegesWithGrantOption>
<table>DE4532C1-6933-4638-FF14-410CB6458AC3</table>
</Permission>
<Permission class="oracle.dbtools.crest.model.design.storage.oracle.v10g.PermissionsOraclev10g" name="Permissions30" id="221E625C-F8DB-E2A8-1D56-C57FDC01ECDF">
<createdBy>JoPe</createdBy>
<createdTime>2025-08-20 03:11:43 UTC</createdTime>
<ownerDesignName>NEXUS_HOTEIS</ownerDesignName>
<privilegesWithGrantOption>ALL PRIVILEGES</privilegesWithGrantOption>
<table>7AC9ADBD-10F6-1668-249A-DE653B81CE6D</table>
</Permission>
</permissions>
</UserOraclev10g>