<?xml version = '1.0' encoding = 'UTF-8'?>
<TableProxyOraclev20c class="oracle.dbtools.crest.model.design.storage.oracle.v20c.TableProxyOraclev20c" name="FUNCIONARIO" directorySegmentName="seg_0" id="642BA3C7-453B-FFEA-5737-2EB34BBA5FD4">
<createdBy>JoPe</createdBy>
<createdTime>2025-08-20 03:06:07 UTC</createdTime>
<ownerDesignName>NEXUS_HOTEIS</ownerDesignName>
<schemaObject>0215586B-4CDB-A65F-16CF-A9C3C7850896</schemaObject>
<logging>YES</logging>
<partitionedRowMovement>DISABLE</partitionedRowMovement>
<temporaryChanged>false</temporaryChanged>
<user>621FB15E-2FE0-7A92-31CC-89D1039A2193</user>
<accessDriverType>oracle_loader</accessDriverType>
<rejectLimit></rejectLimit>
<storeAs>CLOB</storeAs>
<columnProxies itemClass="oracle.dbtools.crest.model.design.storage.oracle.v12c.ColumnProxyOraclev12c">
<ColumnProxy name="ID_CARGO" id="1C54910C-D64D-19BB-2FEF-B85C3762395F">
<createdBy>JoPe</createdBy>
<createdTime>2025-08-20 03:06:07 UTC</createdTime>
<ownerDesignName>NEXUS_HOTEIS</ownerDesignName>
</ColumnProxy>
<ColumnProxy name="STS_FUNCIONARIO" id="24DA1B31-5FB2-69DF-DF4D-6E2C8C077946">
<createdBy>JoPe</createdBy>
<createdTime>2025-08-20 03:06:07 UTC</createdTime>
<ownerDesignName>NEXUS_HOTEIS</ownerDesignName>
</ColumnProxy>
<ColumnProxy name="USER_FUNCIONARIO" id="38522935-5D17-3F9A-5CD1-2BD42AA7F25C">
<createdBy>JoPe</createdBy>
<createdTime>2025-08-20 03:06:07 UTC</createdTime>
<ownerDesignName>NEXUS_HOTEIS</ownerDesignName>
</ColumnProxy>
<ColumnProxy name="SAL_FUNIONARIO" id="825B65A5-5388-2B2B-727D-8BC10C12CA9B">
<createdBy>JoPe</createdBy>
<createdTime>2025-08-20 03:06:07 UTC</createdTime>
<ownerDesignName>NEXUS_HOTEIS</ownerDesignName>
</ColumnProxy>
<ColumnProxy name="DAT_ADMISSAO" id="832456B2-A9D4-A493-BD47-E4166B13C969">
<createdBy>JoPe</createdBy>
<createdTime>2025-08-20 03:06:07 UTC</createdTime>
<ownerDesignName>NEXUS_HOTEIS</ownerDesignName>
</ColumnProxy>
<ColumnProxy name="PASS_FUNCIONARIO" id="986337A4-FD22-7FE1-C06D-52E5144F525D">
<createdBy>JoPe</createdBy>
<createdTime>2025-08-20 03:06:07 UTC</createdTime>
<ownerDesignName>NEXUS_HOTEIS</ownerDesignName>
</ColumnProxy>
<ColumnProxy name="DAT_DEMISSAO" id="ACC5A665-F170-24B5-8CED-AD3BF9F3FC1D">
<createdBy>JoPe</createdBy>
<createdTime>2025-08-20 03:06:07 UTC</createdTime>
<ownerDesignName>NEXUS_HOTEIS</ownerDesignName>
</ColumnProxy>
<ColumnProxy name="NOM_FUNCIONARIO" id="ADEBC0F4-2127-C148-D64F-53C329928D5B">
<createdBy>JoPe</createdBy>
<createdTime>2025-08-20 03:06:07 UTC</createdTime>
<ownerDesignName>NEXUS_HOTEIS</ownerDesignName>
</ColumnProxy>
<ColumnProxy name="ID_FUNCIONARIO" id="EF1D59D7-5E93-412B-3C67-0A70D32E9955">
<createdBy>JoPe</createdBy>
<createdTime>2025-08-20 03:06:07 UTC</createdTime>
<ownerDesignName>NEXUS_HOTEIS</ownerDesignName>
</ColumnProxy>
</columnProxies>
<foreignKeys>
<ForeignKey class="oracle.dbtools.crest.model.design.storage.oracle.v10g.FKProxyOraclev10g" name="FUNCIONARIO_CARGOS_FK" id="D95A4FC0-FA8B-7DE4-87F9-1354A48FCDE4">
<createdBy>JoPe</createdBy>
<createdTime>2025-08-20 03:06:07 UTC</createdTime>
<ownerDesignName>NEXUS_HOTEIS</ownerDesignName>
</ForeignKey>
</foreignKeys>
<primaryKeys>
<PrimaryKey class="oracle.dbtools.crest.model.design.storage.oracle.v10g.PKProxyOraclev10g" name="FUNCIONARIO_PK" id="E8B6B033-CE17-EED3-ABB4-A201F05D90C3">
<createdBy>JoPe</createdBy>
<createdTime>2025-08-20 03:06:07 UTC</createdTime>
<ownerDesignName>NEXUS_HOTEIS</ownerDesignName>
<indexSort>SORTED</indexSort>
</PrimaryKey>
</primaryKeys>
<tableCheckConstraints itemClass="oracle.dbtools.crest.model.design.storage.oracle.TableCheckConstraintOracle">
<TableCheckConstraint name="FUNCIONARIO_CK_1" id="ADC9BCD4-31F2-C70C-1C4C-70DEB0541CAD">
<createdBy>JoPe</createdBy>
<createdTime>2025-08-20 03:06:07 UTC</createdTime>
<ownerDesignName>NEXUS_HOTEIS</ownerDesignName>
</TableCheckConstraint>
</tableCheckConstraints>
<uniqueKeys>
<UniqueKey class="oracle.dbtools.crest.model.design.storage.oracle.v10g.UniqueOraclev10g" name="FUNCIONARIO_USERNAME_UN" id="EED85078-9C45-0659-27AD-34EC5C6F3BF9">
<createdBy>JoPe</createdBy>
<createdTime>2025-08-20 03:06:07 UTC</createdTime>
<ownerDesignName>NEXUS_HOTEIS</ownerDesignName>
<indexSort>SORTED</indexSort>
</UniqueKey>
</uniqueKeys>
</TableProxyOraclev20c>