<?xml version = '1.0' encoding = 'UTF-8'?>
<TableProxyOraclev20c class="oracle.dbtools.crest.model.design.storage.oracle.v20c.TableProxyOraclev20c" name="RESERVAS" directorySegmentName="seg_0" id="DF873954-2C92-9072-C679-31BE18B9261C">
<createdBy>JoPe</createdBy>
<createdTime>2025-08-20 03:06:07 UTC</createdTime>
<ownerDesignName>NEXUS_HOTEIS</ownerDesignName>
<schemaObject>D9D2BAC5-5ACC-E7C4-FE11-352225AD3138</schemaObject>
<logging>YES</logging>
<partitionedRowMovement>DISABLE</partitionedRowMovement>
<temporaryChanged>false</temporaryChanged>
<user>C4CB8272-BD2E-2049-4B1B-FD43BB0A1078</user>
<accessDriverType>oracle_loader</accessDriverType>
<rejectLimit></rejectLimit>
<storeAs>CLOB</storeAs>
<columnProxies itemClass="oracle.dbtools.crest.model.design.storage.oracle.v12c.ColumnProxyOraclev12c">
<ColumnProxy name="ID_HOSPEDE_PRINCIPAL" id="0B376B6F-AFBD-AACE-B4EB-F88877FAEF72">
<createdBy>JoPe</createdBy>
<createdTime>2025-08-20 03:06:07 UTC</createdTime>
<ownerDesignName>NEXUS_HOTEIS</ownerDesignName>
</ColumnProxy>
<ColumnProxy name="NUM_ADULTOS" id="1024F70B-70D1-1D57-EBEB-8F6FCA5156F6">
<createdBy>JoPe</createdBy>
<createdTime>2025-08-20 03:06:07 UTC</createdTime>
<ownerDesignName>NEXUS_HOTEIS</ownerDesignName>
</ColumnProxy>
<ColumnProxy name="ID_RESERVA" id="37F5E90C-15D0-73D1-6262-58A1CE3BD6A8">
<createdBy>JoPe</createdBy>
<createdTime>2025-08-20 03:06:07 UTC</createdTime>
<ownerDesignName>NEXUS_HOTEIS</ownerDesignName>
</ColumnProxy>
<ColumnProxy name="STS_RESERVA" id="51A46288-D16B-7565-6782-AB7E8AEB527A">
<createdBy>JoPe</createdBy>
<createdTime>2025-08-20 03:06:07 UTC</createdTime>
<ownerDesignName>NEXUS_HOTEIS</ownerDesignName>
</ColumnProxy>
<ColumnProxy name="DAT_CHECKOUT_PREVISTA" id="738BDC83-44ED-CFA5-FAAF-DDFD694D7642">
<createdBy>JoPe</createdBy>
<createdTime>2025-08-20 03:06:07 UTC</createdTime>
<ownerDesignName>NEXUS_HOTEIS</ownerDesignName>
</ColumnProxy>
<ColumnProxy name="DAT_RESERVA" id="764C38D7-3EEA-5FE1-D886-261DD90E06C8">
<createdBy>JoPe</createdBy>
<createdTime>2025-08-20 03:06:07 UTC</createdTime>
<ownerDesignName>NEXUS_HOTEIS</ownerDesignName>
</ColumnProxy>
<ColumnProxy name="DAT_CHECKIN_PREVISTA" id="7A204FE7-48C1-562C-BB00-45BC99E17037">
<createdBy>JoPe</createdBy>
<createdTime>2025-08-20 03:06:07 UTC</createdTime>
<ownerDesignName>NEXUS_HOTEIS</ownerDesignName>
</ColumnProxy>
<ColumnProxy name="NUM_CRIANCAS" id="E6B37051-B36F-A5F0-BE81-375ED2381996">
<createdBy>JoPe</createdBy>
<createdTime>2025-08-20 03:06:07 UTC</createdTime>
<ownerDesignName>NEXUS_HOTEIS</ownerDesignName>
</ColumnProxy>
</columnProxies>
<foreignKeys>
<ForeignKey class="oracle.dbtools.crest.model.design.storage.oracle.v10g.FKProxyOraclev10g" name="RESERVAS_HOSPEDE_FK" id="2F01980A-121D-142D-4384-E52D08056C2B">
<createdBy>JoPe</createdBy>
<createdTime>2025-08-20 03:06:07 UTC</createdTime>
<ownerDesignName>NEXUS_HOTEIS</ownerDesignName>
</ForeignKey>
</foreignKeys>
<primaryKeys>
<PrimaryKey class="oracle.dbtools.crest.model.design.storage.oracle.v10g.PKProxyOraclev10g" name="RESERVAS_PK" id="70909D0F-7AA6-3D42-13B0-B4B0597E1E7E">
<createdBy>JoPe</createdBy>
<createdTime>2025-08-20 03:06:07 UTC</createdTime>
<ownerDesignName>NEXUS_HOTEIS</ownerDesignName>
<indexSort>SORTED</indexSort>
</PrimaryKey>
</primaryKeys>
<tableCheckConstraints itemClass="oracle.dbtools.crest.model.design.storage.oracle.TableCheckConstraintOracle">
<TableCheckConstraint name="RESERVAS_STATUS_CK" id="314BAE4E-FC23-0C21-B821-40E806A84A92">
<createdBy>JoPe</createdBy>
<createdTime>2025-08-20 03:06:07 UTC</createdTime>
<ownerDesignName>NEXUS_HOTEIS</ownerDesignName>
</TableCheckConstraint>
</tableCheckConstraints>
</TableProxyOraclev20c>