<?xml version = '1.0' encoding = 'UTF-8'?>
<TableProxyOraclev20c class="oracle.dbtools.crest.model.design.storage.oracle.v20c.TableProxyOraclev20c" name="FATURAS" directorySegmentName="seg_0" id="F05181E4-B408-1F94-F46E-789B091D0E26">
<createdBy>JoPe</createdBy>
<createdTime>2025-08-20 03:06:07 UTC</createdTime>
<ownerDesignName>NEXUS_HOTEIS</ownerDesignName>
<schemaObject>D9D2BAC5-5ACC-E7C4-FE11-352225AD3138</schemaObject>
<logging>YES</logging>
<partitionedRowMovement>DISABLE</partitionedRowMovement>
<temporaryChanged>false</temporaryChanged>
<user>C4CB8272-BD2E-2049-4B1B-FD43BB0A1078</user>
<accessDriverType>oracle_loader</accessDriverType>
<rejectLimit></rejectLimit>
<storeAs>CLOB</storeAs>
<columnProxies itemClass="oracle.dbtools.crest.model.design.storage.oracle.v12c.ColumnProxyOraclev12c">
<ColumnProxy name="VAL_TOTAL_DIARIAS" id="4133B95A-A7DF-3A3C-3BC5-8AF88F13AC83">
<createdBy>JoPe</createdBy>
<createdTime>2025-08-20 03:06:07 UTC</createdTime>
<ownerDesignName>NEXUS_HOTEIS</ownerDesignName>
</ColumnProxy>
<ColumnProxy name="VAL_IMPOSTOS" id="6377CC6C-C7E8-2F79-11E1-0A304BDF73BD">
<createdBy>JoPe</createdBy>
<createdTime>2025-08-20 03:06:07 UTC</createdTime>
<ownerDesignName>NEXUS_HOTEIS</ownerDesignName>
</ColumnProxy>
<ColumnProxy name="ID_FATURA" id="8F3F9D72-0CC5-1154-2DE6-B10A1F0087A9">
<createdBy>JoPe</createdBy>
<createdTime>2025-08-20 03:06:07 UTC</createdTime>
<ownerDesignName>NEXUS_HOTEIS</ownerDesignName>
</ColumnProxy>
<ColumnProxy name="ID_ESTADIA" id="99EF791F-BE12-EE4A-E351-E5A5C23F52AD">
<createdBy>JoPe</createdBy>
<createdTime>2025-08-20 03:06:07 UTC</createdTime>
<ownerDesignName>NEXUS_HOTEIS</ownerDesignName>
</ColumnProxy>
<ColumnProxy name="STS_FATURA" id="A461CD40-F5F0-606D-B4D0-3FC640C357A5">
<createdBy>JoPe</createdBy>
<createdTime>2025-08-20 03:06:07 UTC</createdTime>
<ownerDesignName>NEXUS_HOTEIS</ownerDesignName>
</ColumnProxy>
<ColumnProxy name="VAL_FINAL" id="B3FFAF29-C53C-5AEA-1A8C-06EF6A56FB7A">
<createdBy>JoPe</createdBy>
<createdTime>2025-08-20 03:06:07 UTC</createdTime>
<ownerDesignName>NEXUS_HOTEIS</ownerDesignName>
</ColumnProxy>
<ColumnProxy name="VAL_TOTAL_SERVICOS" id="BBDA6AE8-71F2-C197-2727-7A2B49AB6DCA">
<createdBy>JoPe</createdBy>
<createdTime>2025-08-20 03:06:07 UTC</createdTime>
<ownerDesignName>NEXUS_HOTEIS</ownerDesignName>
</ColumnProxy>
<ColumnProxy name="DAT_EMISSAO" id="F44245E6-637E-6880-E7AB-D39DC70F5725">
<createdBy>JoPe</createdBy>
<createdTime>2025-08-20 03:06:07 UTC</createdTime>
<ownerDesignName>NEXUS_HOTEIS</ownerDesignName>
</ColumnProxy>
</columnProxies>
<foreignKeys>
<ForeignKey class="oracle.dbtools.crest.model.design.storage.oracle.v10g.FKProxyOraclev10g" name="FATURAS_ESTADIA_FK" id="6C57D0C9-DF4E-EC71-B311-9C9678823239">
<createdBy>JoPe</createdBy>
<createdTime>2025-08-20 03:06:07 UTC</createdTime>
<ownerDesignName>NEXUS_HOTEIS</ownerDesignName>
</ForeignKey>
</foreignKeys>
<primaryKeys>
<PrimaryKey class="oracle.dbtools.crest.model.design.storage.oracle.v10g.PKProxyOraclev10g" name="FATURAS_PK" id="89927CB3-639D-EB2F-9956-B519C7A7A858">
<createdBy>JoPe</createdBy>
<createdTime>2025-08-20 03:06:07 UTC</createdTime>
<ownerDesignName>NEXUS_HOTEIS</ownerDesignName>
<indexSort>SORTED</indexSort>
</PrimaryKey>
</primaryKeys>
<tableCheckConstraints itemClass="oracle.dbtools.crest.model.design.storage.oracle.TableCheckConstraintOracle">
<TableCheckConstraint name="FATURAS_STATUS_CK" id="CAA85175-0DE7-4A33-7CF1-7E3D49F46930">
<createdBy>JoPe</createdBy>
<createdTime>2025-08-20 03:06:07 UTC</createdTime>
<ownerDesignName>NEXUS_HOTEIS</ownerDesignName>
</TableCheckConstraint>
</tableCheckConstraints>
</TableProxyOraclev20c>